Gemeente;Bron
Aalst;https://raadpleeg-aalst.onlinesmartcities.be/
Aalter;https://raadpleeg-aalter.onlinesmartcities.be/
Aarschot;https://aarschot-echo.cipalschaubroeck.be/raadpleegomgeving/
Aartselaar;https://aartselaar-echo.cipalschaubroeck.be/raadpleegomgeving/
Affligem;https://affligem-echo.cipalschaubroeck.be/raadpleegomgeving/
Aiseau-Presles;https://www.deliberations.be/aiseau-presles
Alken;https://alken.meetingburger.net/
Alveringem;https://alveringem-echo.cipalschaubroeck.be/raadpleegomgeving
Amay;https://www.amay.be/ma-commune/vie-politique/conseil-communal/pv-et-resumes-du-conseil/proces-verbaux
Amel;https://www.amel.be/fileadmin/gemeinde_amel_uploads/Protokolle
Andenne;https://www.andenne.be/conseil-communal/proces-verbaux
Anderlecht;https://publi.irisnet.be/web/organization?vipKey=Oa40e1bab-c711-4c98-be73-780f2cdc9036
Anderlues;https://www.deliberations.be/anderlues
Anhée;https://www.anhee.be/ma-commune/vie-politique/conseil-communal/comptes-rendus-2026/@@folder_listing
Ans;https://www.ans-ville.be/ma-ville/vie-politique/conseil-communal/proces-verbaux
Anthisnes;https://www.deliberations.be/anthisnes
Antoing;https://www.antoing.net/ma-commune/vie-politique/poces-verbaux-des-conseils-communaux
Antwerpen;https://ebesluit.antwerpen.be/
Anzegem;https://anzegem-echo.cipalschaubroeck.be/raadpleegomgeving/
Ardooie;https://ardooie-echo.cipalschaubroeck.be/raadpleegomgeving/
Arendonk;https://raadpleeg-arendonk.onlinesmartcities.be/
Arlon;https://www.arlon.be/ma-commune/vie-politique/conseil-communal/proces-verbaux
As;https://raadpleeg-as.onlinesmartcities.be/
Asse;https://asse.meetingburger.net/
Assenede;https://lblod.assenede.be/
Assesse;https://www.deliberations.be/assesse
Ath;https://www.deliberations.be/ath
Attert;https://www.deliberations.be/attert
Aubange;https://www.aubange.be/vie-politique/conseil-communal-2/pv-des-conseils-communaux/
Aubel;https://www.deliberations.be/aubel
Auderghem;https://www.auderghem.be/sites/default/files
Avelgem;https://lblod.avelgem.be/
Awans;https://www.deliberations.be/awans
Aywaille;https://www.conseilcommunal.be/commune/66
Baarle-Hertog;https://publicatie.gelinkt-notuleren.vlaanderen.be/Baarle-Hertog/Gemeente
Baelen;https://www.deliberations.be/baelen
Balen;https://raadpleeg-balen2.onlinesmartcities.be/
Bassenge;https://www.conseilcommunal.be/commune/37
Bastogne;https://www.deliberations.be/bastogne
Beaumont;https://www.deliberations.be/beaumont
Beauraing;https://www.deliberations.be/beauraing
Beauvechain;https://www.conseilcommunal.be/commune/78
Beernem;https://beernem-echo.cipalschaubroeck.be/raadpleegomgeving
Beerse;https://raadpleeg-beerse.onlinesmartcities.be/
Beersel;https://beersel.meetingburger.net/
Begijnendijk;https://begijnendijk.meetingburger.net/
Bekkevoort;https://bekkevoort.meetingburger.net/?AlleVergaderingen=True
Belœil;https://deliberations.be/beloeil
Berchem-Sainte-Agathe;https://publi.irisnet.be/web/organization?vipKey=Obd812d4e-5b69-4997-93b2-32dd532aa3cd
Beringen;https://raadpleeg-beringen.onlinesmartcities.be/
Berlaar;https://raadpleeg-berlaar.onlinesmartcities.be/
Berlare;https://lblod.berlare.be/
Berloz;https://www.deliberations.be/berloz
Bernissart;https://www.bernissart.be/wp-content/uploads/
Bertem;https://bertem.meetingburger.net/
Bertrix;https://www.deliberations.be/bertrix
Bever;https://bever-echo.cipalschaubroeck.be/raadpleegomgeving/
Beveren-Kruibeke-Zwijndrecht;https://raadpleeg-beveren.onlinesmartcities.be/
Beyne-Heusay;https://www.deliberations.be/beyne-heusay
Bierbeek;https://bierbeek.meetingburger.net/
Bilzen-Hoeselt;https://www.bilzenhoeselt.be/file/download
Binche;https://www.deliberations.be/binche
Bièvre;https://www.conseilcommunal.be/commune/53
Blankenberge;https://lblod.blankenberge.be/LBLODWeb
Blégny;https://www.blegny.be/ma-commune/vie-politique/conseil-communal/proces-verbaux
Bocholt;https://raadpleeg-bocholt.onlinesmartcities.be/
Boechout;https://boechout.meetingburger.net
Bonheiden;https://bonheiden-echo.cipalschaubroeck.be/raadpleegomgeving/
Boom;https://boom-echo.cipalschaubroeck.be/raadpleegomgeving/
Boortmeerbeek;https://boortmeerbeek.meetingburger.net/
Bornem;https://bornem-echo.cipalschaubroeck.be/raadpleegomgeving/
Bouillon;https://www.deliberations.be/bouillon
Boussu;https://www.deliberations.be/boussu
Boutersem;https://boutersem.meetingburger.net/
Braine-l'Alleud;https://www.braine-lalleud.be/ma-commune/vie-politique/conseil-communal/proces-verbaux
Braine-le-Château;https://deliberations.be/braine-le-chateau
Braine-le-Comte;https://www.deliberations.be/braine-le-comte
Braives;https://www.deliberations.be/braives
Brakel;https://brakel-echo.cipalschaubroeck.be/raadpleegomgeving/
Brasschaat;https://brasschaat.meetingburger.net/
Brecht;https://brecht-echo.cipalschaubroeck.be/raadpleegomgeving/
Bredene;https://lblod.bredene.be/
Bree;https://bree-echo.cipalschaubroeck.be/raadpleegomgeving/
Brugelette;https://www.brugelette.be/
Brugge;https://besluitvorming.brugge.be/
Brunehaut;https://www.deliberations.be/brunehaut
Brussel;https://www.bruxelles.be/ordres-du-jour-proces-verbaux-motions
Buggenhout;https://lblod.buggenhout.be/
Burdinne;https://www.burdinne.be/ma-commune/vie-politique/conseil-communal/pv-du-conseil
Burg-Reuland;https://www.burg-reuland.be/wp-content/uploads/
Büllingen;https://www.buellingen.be/wp-content/uploads/
Bütgenbach;https://www.butgenbach.be/wp-content/uploads/
Celles;https://www.deliberations.be/celles
Cerfontaine;https://www.deliberations.be/cerfontaine
Chapelle-lez-Herlaimont;https://www.deliberations.be/chapelle-lez-herlaimont
Charleroi;https://www.deliberations.be/charleroi
Chastre;https://www.deliberations.be/chastre
Chaudfontaine;https://www.conseilcommunal.be/commune/46
Chaumont-Gistoux;https://www.chaumont-gistoux.be/ma-commune/vie-politique/conseil-communal/proces-verbaux
Chimay;https://www.deliberations.be/chimay
Chiny;https://www.deliberations.be/chiny
Chièvres;https://www.chievres.be/
Châtelet;https://deliberations.be/chatelet
Ciney;https://www.deliberations.be/ciney
Clavier;https://www.clavier.be/ma-commune/vie-politique/conseil-communal/proces-verbaux
Colfontaine;https://www.deliberations.be/colfontaine
Comblain-au-Pont;https://www.deliberations.be/comblain-au-pont
Comines-Warneton;https://www.deliberations.be/comines-warneton
Courcelles;https://www.courcelles.eu/courcelles-eu/information/proces-verbaux
Court-Saint-Étienne;https://deliberations.be/court-saint-etienne
Couvin;https://www.couvin.be/ma-commune/vie-politique/conseil-communal/proces-verbaux
Crisnée;https://www.crisnee.be/politique/conseil-communal/pv-du-conseil-communal
Dalhem;https://www.deliberations.be/dalhem
Damme;https://lblod.damme.be
Daverdisse;https://www.daverdisse.be/ma-commune/vie-politique/conseil-communal/proces-verbaux
De Haan;https://lblod.dehaan.be/
De Panne;https://lblod.depanne.be/
Deerlijk;https://deerlijk.meetingburger.net/
Deinze;https://deinze-echo.cipalschaubroeck.be/raadpleegomgeving/
Denderleeuw;https://lblod.denderleeuw.be/
Dendermonde;https://lblod.dendermonde.be
Dentergem;https://dentergem-echo.cipalschaubroeck.be/raadpleegomgeving
Dessel;https://www.dessel.be/file/download
Destelbergen;https://www.destelbergen.be/sites/default/files
Diepenbeek;https://raadpleeg-diepenbeek.onlinesmartcities.be/
Diest;https://raadpleeg-diest.onlinesmartcities.be/
Diksmuide;https://lblod.diksmuide.be/
Dilbeek;https://www.dilbeek.be/sites/default/files
Dilsen-Stokkem;https://raadpleeg-dilsen-stokkem.onlinesmartcities.be/
Dinant;https://www.deliberations.be/dinant
Dison;https://www.deliberations.be/dison
Doische;https://www.deliberations.be/doische
Donceel;https://www.deliberations.be/donceel
Dour;https://www.deliberations.be/dour
Drogenbos;https://drogenbos.meetingburger.net/
Duffel;https://raadpleeg-duffel.onlinesmartcities.be/
Durbuy;https://www.deliberations.be/durbuy
Ecaussines;https://deliberations.be/ecaussinnes
Edegem;https://raadpleeg-edegem.onlinesmartcities.be/
Eeklo;https://www.eeklo.be/file/download
Ellezelles;https://www.deliberations.be/ellezelles
Enghien;https://www.deliberations.be/enghien
Engis;https://www.deliberations.be/engis
Erpe-Mere;https://lblod.erpe-mere.be/
Erquelinnes;https://www.deliberations.be/erquelinnes
Esneux;https://www.conseilcommunal.be/commune/22
Essen;https://www.essen.be/system/files
Estaimpuis;https://www.deliberations.be/estaimpuis
Estinnes;https://www.estinnes.be/ma-commune/vie-politique/conseil-communal/proces-verbaux
Etalle;https://deliberations.be/etalle
Etterbeek;https://publi.irisnet.be/web/organization?vipKey=O4f85caed-6ca6-4728-a70a-8c56d0953656
Eupen;https://www.eupen.be/wp-content/uploads/
Evere;https://publi.irisnet.be/web/organization?vipKey=O18b0db62-ffe8-45b7-bb28-e5d6fe47bf62
Evergem;https://lblod.evergem.be
Faimes;https://www.deliberations.be/faimes
Farciennes;https://www.deliberations.be/farciennes
Fauvillers;https://www.deliberations.be/fauvillers
Fernelmont;https://www.fernelmont.be/
Ferrières;https://deliberations.be/ferrieres
Fexhe-le-Haut-Clocher;https://www.deliberations.be/fexhe-le-haut-clocher
Fleurus;https://www.deliberations.be/fleurus
Flobecq;https://www.conseilcommunal.be/commune/92
Floreffe;https://www.floreffe.be/wp-content/uploads/
Florennes;https://www.deliberations.be/florennes
Florenville;https://www.deliberations.be/florenville
Flémalle;https://deliberations.be/flemalle
Fléron;https://deliberations.be/fleron
Fontaine-l'Evêque;https://www.villedefontaine.be/ma-ville/vie-politique/conseil-communal/conseil-communal-proces-verbaux
Forest;https://www.forest.brussels/fr/publications/conseil-communal-1
Fosses-la-Ville;https://www.fosses-la-ville.be/
Frameries;https://www.deliberations.be/frameries
Frasnes-lez-Anvaing;https://www.deliberations.be/frasnes-lez-anvaing
Froidchapelle;https://www.froidchapelle.be/ma-commune/vie-politique/conseil-communal/proces-verbaux
Ganshoren;https://publi.irisnet.be/web/organization?vipKey=Oc9a62741-7288-42cd-aa6f-5206a5066961
Gavere;https://gavere-echo.cipalschaubroeck.be/raadpleegomgeving/
Gedinne;https://www.conseilcommunal.be/commune/44
Geel;https://raadpleeg-geel.onlinesmartcities.be/
Geer;https://www.deliberations.be/geer
Geetbets;https://geetbets-echo.cipalschaubroeck.be/raadpleegomgeving/
Gembloux;https://www.deliberations.be/gembloux
Genappe;https://www.deliberations.be/genappe
Genk;https://raadpleeg-genk.onlinesmartcities.be/
Gent;https://ebesluitvorming.gent.be/
Geraardsbergen;https://geraardsbergen-echo.cipalschaubroeck.be/raadpleegomgeving/
Gerpinnes;https://www.gerpinnes.be/ma-commune/vie-politique/conseil-communal/proces-verbaux
Gesves;http://www.gesves.be/proces-verbaux-des-seances-du-conseil/
Gingelom;https://raadpleeg-gingelom.onlinesmartcities.be/
Gistel;https://lblod.gistel.be/
Glabbeek;https://glabbeek-echo.cipalschaubroeck.be/raadpleegomgeving/
Gouvy;https://www.conseilcommunal.be/commune/17
Grez-Doiceau;https://www.deliberations.be/grez-doiceau
Grimbergen;https://grimbergen-echo.cipalschaubroeck.be/raadpleegomgeving/
Grobbendonk;https://grobbendonk-echo.cipalschaubroeck.be/raadpleegomgeving
Grâce-Hollogne;https://www.grace-hollogne.be/ma-commune/vie-politique/conseil-communal/proces-verbaux
Haacht;https://raadpleeg-haacht.onlinesmartcities.be/
Haaltert;https://haaltert-echo.cipalschaubroeck.be/raadpleegomgeving/
Habay;https://www.conseilcommunal.be/commune/9
Halen;https://raadpleeg-halen.onlinesmartcities.be/
Halle;https://raadpleeg-halle.onlinesmartcities.be/
Ham-sur-Heure-Nalinnes;https://www.deliberations.be/ham-sur-heure-nalinnes
Hamme;https://hamme-echo.cipalschaubroeck.be/raadpleegomgeving/
Hamoir;https://www.deliberations.be/hamoir
Hamois;https://www.deliberations.be/hamois
Hamont-Achel;https://raadpleeg-hamont-achel.onlinesmartcities.be/
Hannut;https://www.conseilcommunal.be/commune/16
Harelbeke;https://lblod.harelbeke.be/
Hasselt;https://besluitvorming.hasselt.be/
Hastière;https://www.hastiere.be
Havelange;https://www.deliberations.be/havelange
Hechtel-Eksel;https://raadpleeg-hechtel-eksel.onlinesmartcities.be/
Heers;https://raadpleeg-heers.onlinesmartcities.be
Heist-op-den-Berg;https://raadpleeg-heist-op-den-berg.onlinesmartcities.be/
Hemiksem;https://hemiksem.meetingburger.net/
Hensies;https://www.deliberations.be/hensies
Herbeumont;https://www.herbeumont.be/
Herent;https://herent-echo.cipalschaubroeck.be/raadpleegomgeving/
Herentals;https://raadpleeg-herentals.onlinesmartcities.be/
Herenthout;https://herenthout-echo.cipalschaubroeck.be/raadpleegomgeving/
Herk-de-Stad;https://herk-de-stad-echo.cipalschaubroeck.be/raadpleegomgeving/
Herselt;https://herselt.meetingburger.net/
Herstal;https://www.herstal.be/ma-ville/vie-politique/conseil-communal/proces-verbaux
Herstappe;https://www.herstappe.be/
Herve;https://www.conseilcommunal.be/commune/67
Herzele;https://lblod.herzele.be/
Heusden-Zolder;https://heusden-zolder.meetingburger.net/
Heuvelland;https://lblod.heuvelland.be/LBLODWeb
Hoegaarden;https://hoegaarden-echo.cipalschaubroeck.be/raadpleegomgeving/
Hoeilaart;https://hoeilaart.meetingburger.net/
Holsbeek;https://holsbeek.meetingburger.net/
Honnelles;https://www.honnelles.be/ma-commune/vie-politique/conseil-communal/proces-verbaux
Hooglede;https://hooglede-echo.cipalschaubroeck.be/raadpleegomgeving/
Hoogstraten;https://hoogstraten.meetingburger.net/gr
Horebeke;https://lblod.horebeke.be/
Hotton;https://www.conseilcommunal.be/commune/99
Houffalize;https://www.deliberations.be/houffalize
Houthalen-Helchteren;https://houthalen-helchteren.meetingburger.net/
Houthulst;https://www.houthulst.be/file/download
Houyet;https://www.deliberations.be/houyet
Hove;https://hove.meetingburger.net/
Huldenberg;https://huldenberg-echo.cipalschaubroeck.be/raadpleegomgeving/
Hulshout;https://hulshout.meetingburger.net/
Huy;https://www.deliberations.be/huy
Hélécine;https://deliberations.be/helecine
Héron;https://www.heron.be/ma-commune/vie-politique/conseil-communal/proces-verbaux
Ichtegem;https://lblod.ichtegem.be/
Ieper;https://ieper-echo.cipalschaubroeck.be/raadpleegomgeving/
Incourt;https://www.deliberations.be/incourt
Ingelmunster;https://www.ingelmunster.be/db_files_2
Ittre;https://www.deliberations.be/ittre
Ixelles;https://www.ixelles.be/site/109-Actualite
Izegem;https://lblod.izegem.be/
Jabbeke;https://lblod.jabbeke.be/
Jalhay;https://www.jalhay.be/vie-politique/conseil-communal/proces-verbaux
Jemeppe-sur-Sambre;https://www.deliberations.be/jemeppe-sur-sambre
Jette;https://publi.irisnet.be/web/organization?vipKey=O304ca5b3-51be-44e4-bf87-3b06e113c31e
Jodoigne;https://www.conseilcommunal.be/commune/58
Juprelle;https://www.deliberations.be/juprelle
Jurbise;https://www.jurbise.be/ma-commune/vie-politique/conseil-communal/proces-verbaux
Kalmthout;https://kalmthout.bestuurlijkeinformatie.nl/
Kampenhout;https://kampenhout-echo.cipalschaubroeck.be/raadpleegomgeving/
Kapelle-op-den-Bos;https://kapelle-op-den-bos-echo.cipalschaubroeck.be/raadpleegomgeving/
Kapellen;https://kapellen.meetingburger.net/
Kaprijke;https://lblod.kaprijke.be/
Kasterlee;https://kasterlee.meetingburger.net/
Keerbergen;https://keerbergen.meetingburger.net/
Kelmis;https://www.kelmis.be/wp-content/uploads/
Kinrooi;https://kinrooi-echo.cipalschaubroeck.be/raadpleegomgeving/
Kluisbergen;https://lblod.kluisbergen.be/
Knokke-Heist;https://www.knokke-heist.be/sites/default/files/inline-files
Koekelare;https://koekelare-echo.cipalschaubroeck.be/raadpleegomgeving/
Koekelberg;https://www.koekelberg.be/w/AC-file/docodis/
Koksijde;https://koksijde-echo.cipalschaubroeck.be/raadpleegomgeving/
Kontich;https://kontich-echo.cipalschaubroeck.be/raadpleegomgeving/
Kortemark;https://kortemark-echo.cipalschaubroeck.be/raadpleegomgeving/
Kortenaken;https://lblod.celocloud.be/LBLODWeb/Home/Overzicht
Kortenberg;https://publicatie.gelinkt-notuleren.vlaanderen.be/Kortenberg/Gemeente
Kortrijk;https://raadpleeg-kortrijk.onlinesmartcities.be/
Kraainem;https://kraainem.meetingburger.net/
Kruisem;https://kruisem-echo.cipalschaubroeck.be/raadpleegomgeving
Kuurne;https://kuurne-echo.cipalschaubroeck.be/raadpleegomgeving/
La Bruyère;https://deliberations.be/la-bruyere
La Hulpe;https://www.deliberations.be/la-hulpe
La Louvière;https://www.lalouviere.be
La Roche-en-Ardenne;https://www.deliberations.be/la-roche-en-ardenne
Laakdal;https://www.laakdal.be/sites/default/files/
Laarne;https://lblod.laarne.be/
Lanaken;https://publicatie.gelinkt-notuleren.vlaanderen.be/Lanaken/Gemeente
Landen;https://lblod.landen.be/
Langemark-Poelkapelle;https://raadpleeg-langemark-poelkapelle.onlinesmartcities.be/
Lasne;https://www.deliberations.be/lasne
Le Roeulx;https://deliberations.be/le-roeulx
Lebbeke;https://lblod.lebbeke.be/
Lede;https://lblod.lede.be/
Ledegem;https://lblod.ledegem.be/
Lendelede;https://lblod.lendelede.be/LBLODWeb
Lennik;https://lennik-echo.cipalschaubroeck.be/raadpleegomgeving/
Lens;https://www.deliberations.be/lens
Leopoldsburg;https://raadpleeg-leopoldsburg.onlinesmartcities.be/
Les Bons Villers;https://www.deliberations.be/les-bons-villers
Lessines;https://www.deliberations.be/lessines
Leuven;https://besluitvorming.leuven.be/
Leuze-en-Hainaut;https://www.conseilcommunal.be/commune/83
Libin;https://www.deliberations.be/libin
Libramont-Chevigny;https://www.deliberations.be/libramont
Lichtervelde;https://lichtervelde-echo.cipalschaubroeck.be/raadpleegomgeving/
Liedekerke;https://lblod.liedekerke.be
Lier;https://lier.meetingburger.net/
Lierde;https://lblod.lierde.be/
Lierneux;https://www.deliberations.be/lierneux
Lievegem;https://lievegem-echo.cipalschaubroeck.be/raadpleegomgeving/
Lille;https://www.lille.be/file/download
Limbourg;https://www.deliberations.be/limbourg
Lincent;https://www.deliberations.be/lincent
Linkebeek;https://www.linkebeek.be/download.ashx
Lint;https://lint-echo.cipalschaubroeck.be/raadpleegomgeving/
Linter;https://linter-echo.cipalschaubroeck.be/raadpleegomgeving/
Liège;https://deliberations.be/liege
Lo-Reninge;https://lblod.lo-reninge.be/
Lobbes;https://www.deliberations.be/lobbes
Lochristi;https://lblod.lochristi.be/
Lokeren;https://raadpleeg-lokeren.onlinesmartcities.be/
Lommel;https://raadpleeg-lommel.onlinesmartcities.be/
Londerzeel;https://londerzeel-echo.cipalschaubroeck.be/raadpleegomgeving/
Lontzen;https://lontzen.be/wp-content/uploads/
Lubbeek;https://lubbeek-echo.cipalschaubroeck.be/raadpleegomgeving/
Lummen;https://raadpleeg-lummen.onlinesmartcities.be/
Léglise;https://deliberations.be/leglise
Maarkedal;https://lblod.maarkedal.be/
Maaseik;https://raadpleeg-maaseik.onlinesmartcities.be/
Maasmechelen;https://raadpleeg-maasmechelen.onlinesmartcities.be/
Machelen;https://machelen-echo.cipalschaubroeck.be/raadpleegomgeving/
Maldegem;https://maldegem.meetingburger.net/
Malle;https://malle.meetingburger.net/
Malmedy;https://www.deliberations.be/malmedy
Manage;https://www.deliberations.be/manage
Manhay;https://www.deliberations.be/manhay
Marche-en-Famenne;https://www.deliberations.be/marche-en-famenne
Marchin;https://www.deliberations.be/marchin
Martelange;https://www.deliberations.be/martelange
Mechelen;https://lblod.mechelen.be/
Meerhout;https://meerhout.meetingburger.net/
Meise;https://meise.meetingburger.net/
Meix-devant-Virton;https://www.meix-devant-virton.be/ma-commune/vie-politique/conseil-communal/proces-verbaux
Menen;https://menen-echo.cipalschaubroeck.be/raadpleegomgeving/
Merbes-le-Château;https://deliberations.be/merbes-le-chateau
Merchtem;https://merchtem-echo.cipalschaubroeck.be/raadpleegomgeving/
Merelbeke-Melle;https://raadpleeg-merelbeke.onlinesmartcities.be/
Merksplas;https://merksplas-echo.cipalschaubroeck.be/raadpleegomgeving/
Mesen;https://lblod.mesen.be/LBLODWeb
Messancy;https://www.conseilcommunal.be/commune/28
Mettet;https://www.mettet.be/ma-commune/vie-politique/conseil-communal/proces-verbaux
Middelkerke;https://lblod.middelkerke.be/
Modave;https://www.conseilcommunal.be/commune/14
Mol;https://mol.meetingburger.net/
Molenbeek-Saint-Jean;https://www.molenbeek.irisnet.be/fr/vie-politique/conseil/seance-du-conseil-communal-en-2025
Momignies;https://www.deliberations.be/momignies
Mons;https://www.deliberations.be/mons
Mont-de-l'Enclus;https://montdelenclus.be/commune/politique/conseil-communal/proces-verbal/
Mont-Saint-Guibert;https://www.deliberations.be/mont-saint-guibert
Montigny-le-Tilleul;https://www.deliberations.be/montigny-le-tilleul
Moorslede;https://moorslede-echo.cipalschaubroeck.be/raadpleegomgeving/
Morlanwelz;https://www.deliberations.be/morlanwelz
Mortsel;https://raadpleeg-mortsel.onlinesmartcities.be/
Mouscron;https://www.deliberations.be/mouscron
Musson;https://www.conseilcommunal.be/commune/93
Namur;https://www.deliberations.be/namur
Nandrin;https://www.deliberations.be/nandrin
Nassogne;https://www.deliberations.be/nassogne
Nazareth-De Pinte;https://nazareth-depinte-raadpleegomgeving.csecho.be/
Neufchâteau;https://www.conseilcommunal.be/commune/26
Neupré;https://www.conseilcommunal.be/commune/64
Niel;https://suite-niel.onlinesmartcities.be/
Nieuwerkerken;https://raadpleeg-nieuwerkerken.onlinesmartcities.be/
Nieuwpoort;https://lblod.nieuwpoort.be/
Nijlen;https://raadpleeg-nijlen.onlinesmartcities.be/
Ninove;https://raadpleeg-ninove.onlinesmartcities.be/
Nivelles;https://www.deliberations.be/nivelles
Ohey;https://www.deliberations.be/ohey
Olen;https://olen.meetingburger.net/gr
Olne;https://www.deliberations.be/olne
Onhaye;https://www.deliberations.be/onhaye
Oostende;https://raadpleeg-oostende.onlinesmartcities.be/
Oosterzele;https://lblod.oosterzele.be
Oostkamp;https://www.oostkamp.be/file/download
Oostrozebeke;https://oostrozebeke-echo.cipalschaubroeck.be/raadpleegomgeving
Opwijk;https://raadpleeg-opwijk.onlinesmartcities.be/
Oreye;https://www.deliberations.be/oreye
Orp-Jauche;https://www.orp-jauche.be/;https://www.orp-jauche.be/proces-verbaux-conseil-communal/
Ottignies-Louvain-la-Neuve;https://www.deliberations.be/ottignies-louvain-la-neuve
Oud-Heverlee;https://oud-heverlee-echo.cipalschaubroeck.be/raadpleegomgeving/
Oud-Turnhout;https://raadpleeg-oud-turnhout.onlinesmartcities.be/
Oudenaarde;https://www.oudenaarde.be/sites/default/files/cobra
Oudenburg;https://www.oudenburg.be/file/download
Oudsbergen;https://app-pubcon-oudsbergen.azurewebsites.net/LBLOD
Ouffet;https://www.conseilcommunal.be/commune/104
Oupeye;https://www.deliberations.be/oupeye
Overijse;https://overijse-echo.cipalschaubroeck.be/raadpleegomgeving
Pajottegem;https://pajottegem-raadpleegomgeving.csecho.be/
Paliseul;https://www.paliseul.be/ma-commune/vie-politique/conseil-communal/proces-verbaux
Pecq;https://www.pecq.be/
Peer;https://raadpleeg-peer.onlinesmartcities.be/
Pelt;https://www.gemeentepelt.be/file/download
Pepingen;https://pepingen-echo.cipalschaubroeck.be/raadpleegomgeving/
Pepinster;https://www.deliberations.be/pepinster
Perwez;https://www.conseilcommunal.be/commune/80
Philippeville;https://www.philippeville.be/ma-commune/vie-politique/conseil-communal/proces-verbaux
Pittem;https://pittem-echo.cipalschaubroeck.be/raadpleegomgeving
Plombières;https://www.conseilcommunal.be/commune/69
Pont-à-Celles;https://deliberations.be/pont-a-celles
Poperinge;https://lblod.poperinge.be/
Profondeville;https://www.deliberations.be/profondeville
Provincie Antwerpen;https://www.provincieantwerpen.be/nl/politiek-bestuur/provincieraad/agenda-en-verslagen
Provincie Henegouwen - Hainaut;https://www.hainaut.be/la-province/les-publications-legales-et-institutionnelles
Provincie Limburg;https://raadpleeg-limburg.onlinesmartcities.be/
Provincie Luik - Liège;https://www.provincedeliege.be/fr/conseil/pvcra
Provincie Luxemburg - Luxembourg;https://province.luxembourg.be/province-de-luxembourg/publications-legales-institutionnelles/ordre_du_jour
Provincie Namen - Namur;https://www.province.namur.be/conseil-provincial/05-pv-des-seances/
Provincie Oost-Vlaanderen;https://raadpleeg-oost-vlaanderen.onlinesmartcities.be/
Provincie Vlaams-Brabant;https://bestuur.vlaamsbrabant.be/publicaties
Provincie Waals Brabant - Brabant Wallon;https://www.brabantwallon.be/le-brabant-wallon/vie-politique/publications-officielles
Provincie West-Vlaanderen;https://lblod.west-vlaanderen.be/
Putte;https://www.putte.be/sites/default/files/
Puurs-Sint-Amands;https://puurs-sint-amands-echo.cipalschaubroeck.be/raadpleegomgeving/
Péruwelz;https://deliberations.be/peruwelz
Quaregnon;https://www.quaregnon.be/ma-commune/vie-politique/conseil-communal/proces-verbaux
Quiévrain;https://deliberations.be/quievrain
Quévy;https://deliberations.be/quevy
Raeren;https://www.raeren.be/wp-content/uploads/
Ramillies;https://www.conseilcommunal.be/commune/18
Ranst;https://ranst.meetingburger.net/
Ravels;https://raadpleeg-ravels.onlinesmartcities.be/
Rebecq;https://www.deliberations.be/rebecq
Remicourt;https://www.deliberations.be/remicourt
Rendeux;https://www.deliberations.be/rendeux
Retie;https://retie-echo.cipalschaubroeck.be/raadpleegomgeving/
Riemst;https://riemst.meetingburger.net/
Rijkevorsel;https://www.rijkevorsel.be/sites/default/files/public
Rixensart;https://www.deliberations.be/rixensart
Rochefort;https://www.deliberations.be/rochefort
Roeselare;https://raadpleeg-roeselare.onlinesmartcities.be/
Ronse;https://lblod.ronse.be/
Roosdaal;https://roosdaal.meetingburger.net/
Rotselaar;https://rotselaar.meetingburger.net/
Rouvroy;https://www.deliberations.be/rouvroy
Rumes;https://rumes-online.be/wp-content/uploads/
Rumst;https://raadpleeg-rumst.onlinesmartcities.be/
Saint-Georges-sur-Meuse;https://www.deliberations.be/saint-georges-sur-meuse
Saint-Ghislain;https://www.saint-ghislain.be/ma-ville/vie-politique/conseil-communal/proces-verbaux
Saint-Gilles;https://publi.irisnet.be/web/organization?vipKey=Ocd98800b-6bb5-4ece-b77d-d865283a5e31
Saint-Hubert;https://www.deliberations.be/saint-hubert
Saint-Josse-ten-Noode;https://publi.irisnet.be/web/organization?vipKey=Od882b2e9-128a-432f-a889-609bed01347e
Saint-Léger;https://deliberations.be/saint-leger
Saint-Nicolas;https://www.conseilcommunal.be/commune/40
Sainte-Ode;https://www.deliberations.be/sainte-ode
Sambreville;https://www.deliberations.be/sambreville
Sankt Vith;https://www.st.vith.be/wp-content/uploads/
Schaerbeek;https://www.1030.be/nl/notulen/
Schelle;https://schelle.meetingburger.net/
Scherpenheuvel-Zichem;https://www.scherpenheuvel-zichem.be/sites/default/files
Schilde;https://schilde.meetingburger.net/
Schoten;https://schoten.meetingburger.net/
Seneffe;https://www.deliberations.be/seneffe
Seraing;https://www.deliberations.be/seraing
Silly;https://www.conseilcommunal.be/commune/97
Sint-Genesius-Rode;https://www.sint-genesius-rode.be/download.ashx
Sint-Gillis-Waas;https://lblod.sint-gillis-waas.be/
Sint-Katelijne-Waver;https://raadpleeg-skw.onlinesmartcities.be/
Sint-Laureins;https://sint-laureins-echo.cipalschaubroeck.be/raadpleegomgeving/
Sint-Lievens-Houtem;https://lblod.sint-lievens-houtem.be/
Sint-Martens-Latem;https://sint-martens-latem-echo.cipalschaubroeck.be/raadpleegomgeving/
Sint-Niklaas;https://raadpleeg-sint-niklaas.onlinesmartcities.be/
Sint-Pieters-Leeuw;https://raadpleeg-sint-pieters-leeuw.onlinesmartcities.be/
Sint-Truiden;https://raadpleeg-sint-truiden.onlinesmartcities.be/
Sivry-Rance;https://www.deliberations.be/sivry-rance
Soignies;https://www.deliberations.be/soignies
Sombreffe;https://www.deliberations.be/sombreffe
Somme-Leuze;https://www.deliberations.be/somme-leuze
Soumagne;https://www.conseilcommunal.be/commune/12
Spa;https://www.deliberations.be/spa
Spiere-Helkijn;https://spiere-helkijn-echo.cipalschaubroeck.be/raadpleegomgeving/
Sprimont;https://www.deliberations.be/sprimont
Stabroek;https://stabroek.bestuurlijkeinformatie.nl/
Staden;https://staden-echo.cipalschaubroeck.be/raadpleegomgeving/
Stavelot;https://www.deliberations.be/stavelot
Steenokkerzeel;https://steenokkerzeel-echo.cipalschaubroeck.be/raadpleegomgeving/
Stekene;https://lblod.stekene.be
Stoumont;https://www.deliberations.be/stoumont
Tellin;https://www.deliberations.be/tellin
Temse;https://lblod.temse.be/LBLODWeb
Tenneville;https://www.conseilcommunal.be/commune/98
Ternat;https://ternat-echo.cipalschaubroeck.be/raadpleegomgeving/
Tervuren;https://tervuren-echo.cipalschaubroeck.be/raadpleegomgeving/
Tessenderlo-Ham;https://raadpleeg-tessenderloham.onlinesmartcities.be/
Theux;https://www.deliberations.be/theux
Thimister-Clermont;https://www.thimister-clermont.be/ma-commune/vie-politique/conseil-communal/proces-verbaux
Thuin;https://www.thuin.be/ma-ville/vie-politique/conseil-communal/proces-verbaux
Tielt;https://tielt-raadpleegomgeving.csecho.be/
Tielt-Winge;https://tielt-winge.meetingburger.net/
Tienen;https://tienen-echo.cipalschaubroeck.be/raadpleegomgeving/
Tinlot;https://www.deliberations.be/tinlot
Tintigny;https://www.conseilcommunal.be/commune/41
Tongeren-Borgloon;https://raadpleeg-tongerenborgloon.onlinesmartcities.be/
Torhout;https://lblod.torhout.be/
Tournai;https://www.deliberations.be/tournai
Tremelo;https://tremelo.meetingburger.net/
Trois-Ponts;https://www.deliberations.be/trois-ponts
Trooz;https://www.trooz.be/;https://www.trooz.be/ma-commune/vie-politique/fichier/proces-verbaux
Tubize;https://www.deliberations.be/tubize
Turnhout;https://raadpleeg-turnhout.onlinesmartcities.be/
Uccle;https://www.uccle.be/sites/default/files/filemanager
Vaux-sur-Sûre;https://www.vaux-sur-sure.be/;https://www.vaux-sur-sure.be/ma-commune/vie-politique/conseil-communal/calendrier-et-ordres-du-jour
Verlaine;https://www.verlaine.be/
Verviers;https://www.deliberations.be/verviers
Veurne;https://lblod.veurne.be/
Vielsalm;https://www.deliberations.be/vielsalm
Villers-la-Ville;https://www.deliberations.be/villers-la-ville
Villers-le-Bouillet;https://www.conseilcommunal.be/commune/10
Vilvoorde;https://raadpleeg-vilvoorde.onlinesmartcities.be/
Viroinval;https://www.viroinval.be/fr/ma-commune/vie-politique/conseil-communal/proces-verbaux
Virton;https://www.deliberations.be/virton
Visé;https://www.conseilcommunal.be/commune/72
Vleteren;https://lblod.vleteren.be
Voeren;https://lblod.voeren.be
Vorselaar;https://raadpleeg-vorselaar.onlinesmartcities.be/
Vosselaar;https://raadpleeg-vosselaar.onlinesmartcities.be/
Vresse-sur-Semois;https://www.deliberations.be/vresse-sur-semois
Waasmunster;https://waasmunster-echo.cipalschaubroeck.be/raadpleegomgeving
Waimes;https://www.deliberations.be/waimes
Walcourt;https://www.deliberations.be/walcourt
Walhain;https://www.deliberations.be/walhain
Wanze;https://www.deliberations.be/wanze
Waregem;https://lblod.waregem.be/
Waremme;https://www.deliberations.be/waremme
Wasseiges;https://www.wasseiges.be/ma-commune/vie-politique/conseil-communal/proces-verbaux
Waterloo;https://www.waterloo.be/
Watermael-Boitsfort;https://publi.irisnet.be/web/organization?vipKey=O9077a3a7-0d19-43eb-928b-48404d701262
Wavre;https://www.deliberations.be/wavre
Welkenraedt;https://www.deliberations.be/welkenraedt
Wellen;https://wellen.meetingburger.net/
Wellin;https://www.deliberations.be/wellin
Wemmel;https://wemmel.meetingburger.net/
Wervik;https://www.wervik.be/sites/wervik/files
Westerlo;https://raadpleeg-westerlo.onlinesmartcities.be/
Wetteren;https://lblod.wetteren.be/
Wevelgem;https://wevelgem-echo.cipalschaubroeck.be/raadpleegomgeving/
Wezembeek-Oppem;https://wezembeek-oppem.meetingburger.net/
Wichelen;https://lblod.wichelen.be/
Wielsbeke;https://lblod.wielsbeke.be
Wijnegem;https://raadpleeg-wijnegem.onlinesmartcities.be/
Willebroek;https://www.willebroek.be/sites/default/files
Wingene;https://wingene-echo.cipalschaubroeck.be/raadpleegomgeving/
Woluwe-Saint-Lambert;https://publi.irisnet.be/web/organization?vipKey=Oc233faaf-a1a1-4d26-ba6e-c2c1ce1b9752
Woluwe-Saint-Pierre;https://www.woluwe1150.be/app/uploads/
Wommelgem;https://wommelgem.meetingburger.net/
Wortegem-Petegem;https://lblod.wortegem-petegem.be/
Wuustwezel;https://raadpleeg-wuustwezel.onlinesmartcities.be/
Yvoir;https://www.deliberations.be/yvoir
Zandhoven;https://zandhoven-echo.cipalschaubroeck.be/raadpleegomgeving/
Zaventem;https://zaventem-echo.cipalschaubroeck.be/raadpleegomgeving/
Zedelgem;https://raadpleeg-zedelgem.onlinesmartcities.be/
Zele;https://lblod.zele.be/
Zelzate;https://lblod.zelzate.be/
Zemst;https://zemst-echo.cipalschaubroeck.be/raadpleegomgeving/
Zoersel;https://www.zoersel.be/sites/default/files
Zonhoven;https://raadpleeg-zonhoven.onlinesmartcities.be/
Zonnebeke;https://lblod.zonnebeke.be/
Zottegem;https://lblod.zottegem.be/
Zoutleeuw;https://zoutleeuw-echo.cipalschaubroeck.be/raadpleegomgeving/
Zuienkerke;https://lblod.zuienkerke.be
Zulte;https://zulte-echo.cipalschaubroeck.be/raadpleegomgeving/
Zutendaal;https://raadpleeg-zutendaal.onlinesmartcities.be/
Zwalm;https://zwalm-echo.cipalschaubroeck.be/raadpleegomgeving/
Zwevegem;https://lblod.zwevegem.be/
Éghezée;https://deliberations.be/eghezee
Érezée;https://www.deliberations.be/erezee
